name,artist
What U Need,KDYN
In The Air,VOLAC
VIRUS - Odd Mob Remix,GEN.KLOUD
Can U Lose?,Lean Low
Somebody (2024),Gotye
you'll come back,jigitz
SMSOU,Eliminate
Don't Stop,Biscits
Just Feels Tight,FISHER
Body Move,Matroda
La leçon particulière,Lavern
All Or Nothing,One True God
Lithium,Odd Mob
Dog Days,PAWSA
"Patadas de Ahogado / LATÍN MAFIA, HUMBE - Rework",HUGEL
Don't Waste My Time (feat. Sophie Powers),Dillon Francis
Must Be Love,Tseba
Acorda Pedrinho,VOLAC
Oh Yea,CASHEW
Asap,Facu Baez
Bump O Clock,Forbid
Tonight,Snakehips
Phone,Trilago
Overtime,JADED
Baddy On The Floor,Jamie xx
Look at U,Good Luck
Life,Ferreck Dawn
Pedro,Jaxomy
3 Malas,BADDIES ONLY
Dollar $hort,DRAMA
I Wanna - Tchami Remix,Shiba San
JOY (Back On 74),Jungle
Rakata Rakata,CASHEW
Three Two One,Mister Alive
CRUSH (CASHEW Remix),Yellow Claw
Wanted,Truth x Lies
See Me,Oppidan
